12,test string3
24,test string4
5,test string5
67,test string6
86,test string7
45,test string8
81,test string9
93,test string10
105,test string11
117,test string12
128,test string13
140,test string14
152,test string15
164,test string16
176,test string17
187,test string18
199,test string19
211,test string20
223,test string21
12,test string3
24,test string4
5,test string5
67,test string6
86,test string7
45,test string8
81,test string9
93,test string10
105,test string11
117,test string12
128,test string13
140,test string14
152,test string15
164,test string16
176,test string17
187,test string18
199,test string19
211,test string20
223,test string21
235,test string22
246,test string23
258,test string24
270,test string25
282,test string26
294,test string27
305,test string28
317,test string29
329,test string30
341,test string31
353,test string32
364,test string33
376,test string34
388,test string35
400,test string36
412,test string37
424,test string38
435,test string39
447,test string40
459,test string41
471,test string42
483,test string43
235,test string22
246,test string23
258,test string24
270,test string25
282,test string26
294,test string27
305,test string28
317,test string29
329,test string30
341,test string31
353,test string32
364,test string33
376,test string34
388,test string35
400,test string36
412,test string37
424,test string38
435,test string39
447,test string40
459,test string41
471,test string42
483,test string43
